-- --------------------------------------------------------
-- Host:                         181.129.103.142
-- Versión del servidor:         5.7.27-0ubuntu0.18.04.1 - (Ubuntu)
-- SO del servidor:              Linux
-- HeidiSQL Versión:             10.2.0.5599
-- --------------------------------------------------------

/*!40101 SET @OLD_CHARACTER_SET_CLIENT=@@CHARACTER_SET_CLIENT */;
/*!40101 SET NAMES utf8 */;
/*!50503 SET NAMES utf8mb4 */;
/*!40014 SET @OLD_FOREIGN_KEY_CHECKS=@@FOREIGN_KEY_CHECKS, FOREIGN_KEY_CHECKS=0 */;
/*!40101 SET @OLD_SQL_MODE=@@SQL_MODE, SQL_MODE='NO_AUTO_VALUE_ON_ZERO' */;


-- Volcando estructura de base de datos para admin_mv_pro
CREATE DATABASE IF NOT EXISTS `admin_mv_pro` /*!40100 DEFAULT CHARACTER SET utf8 */;
USE `admin_mv_pro`;

-- Volcando estructura para tabla admin_mv_pro.accounts
CREATE TABLE IF NOT EXISTS `accounts` (
  `id` int(11) NOT NULL AUTO_INCREMENT,
  `identification_type` int(11) DEFAULT NULL,
  `identification_number` varchar(50) DEFAULT NULL,
  `names` varchar(50) DEFAULT NULL,
  `surname` varchar(50) DEFAULT NULL,
  `email` varchar(150) NOT NULL,
  `phone` varchar(50) DEFAULT NULL,
  `mobile` varchar(50) DEFAULT NULL,
  `address` varchar(50) DEFAULT NULL,
  `department` int(11) DEFAULT NULL,
  `city` int(11) DEFAULT NULL,
  `create` datetime DEFAULT CURRENT_TIMESTAMP,
  `updated` datetime DEFAULT CURRENT_TIMESTAMP ON UPDATE CURRENT_TIMESTAMP,
  PRIMARY KEY (`id`),
  UNIQUE KEY `email` (`email`),
  KEY `id` (`id`),
  KEY `email_key` (`email`),
  KEY `FK_users_identifications_types` (`identification_type`),
  KEY `FK_users_geo_departments` (`department`),
  KEY `FK_users_geo_citys` (`city`),
  CONSTRAINT `accounts_ibfk_1` FOREIGN KEY (`city`) REFERENCES `geo_citys` (`id`) ON DELETE SET NULL ON UPDATE CASCADE,
  CONSTRAINT `accounts_ibfk_2` FOREIGN KEY (`department`) REFERENCES `geo_departments` (`id`) ON DELETE SET NULL ON UPDATE CASCADE,
  CONSTRAINT `accounts_ibfk_3` FOREIGN KEY (`identification_type`) REFERENCES `identifications_types` (`id`) ON DELETE SET NULL ON UPDATE CASCADE
) ENGINE=InnoDB DEFAULT CHARSET=utf8mb4 ROW_FORMAT=DYNAMIC;

-- Volcando datos para la tabla admin_mv_pro.accounts: ~0 rows (aproximadamente)
/*!40000 ALTER TABLE `accounts` DISABLE KEYS */;
/*!40000 ALTER TABLE `accounts` ENABLE KEYS */;

-- Volcando estructura para tabla admin_mv_pro.attachments
CREATE TABLE IF NOT EXISTS `attachments` (
  `id` int(11) NOT NULL AUTO_INCREMENT,
  `name` varchar(250) NOT NULL,
  `filename` varchar(250) NOT NULL,
  `targetPath` varchar(250) NOT NULL,
  `targetFile` varchar(250) NOT NULL,
  `path_short` varchar(250) NOT NULL,
  PRIMARY KEY (`id`),
  KEY `id` (`id`)
) ENGINE=InnoDB DEFAULT CHARSET=utf8mb4;

-- Volcando datos para la tabla admin_mv_pro.attachments: ~0 rows (aproximadamente)
/*!40000 ALTER TABLE `attachments` DISABLE KEYS */;
/*!40000 ALTER TABLE `attachments` ENABLE KEYS */;

-- Volcando estructura para tabla admin_mv_pro.emails
CREATE TABLE IF NOT EXISTS `emails` (
  `id` int(11) NOT NULL AUTO_INCREMENT,
  `box` int(11) DEFAULT NULL,
  `message_id` mediumtext,
  `uid` int(11) DEFAULT NULL,
  `status` mediumtext,
  `subject` mediumtext,
  `from` mediumtext,
  `from_email` mediumtext,
  `to` mediumtext,
  `to_email` mediumtext,
  `date` mediumtext,
  `message` longtext,
  `size` mediumtext,
  `msgno` int(11) DEFAULT NULL,
  `recent` int(1) DEFAULT NULL,
  `flagged` int(1) DEFAULT NULL,
  `answered` int(1) DEFAULT NULL,
  `deleted` int(1) DEFAULT NULL,
  `seen` int(1) DEFAULT NULL,
  `draft` int(1) DEFAULT NULL,
  `attachments` mediumtext,
  `overview` mediumtext,
  `created` datetime DEFAULT CURRENT_TIMESTAMP,
  `updated` datetime DEFAULT CURRENT_TIMESTAMP ON UPDATE CURRENT_TIMESTAMP,
  `new` int(1) DEFAULT '1',
  `response` int(1) DEFAULT '1',
  `responsed` datetime DEFAULT NULL,
  PRIMARY KEY (`id`),
  KEY `id` (`id`)
) ENGINE=InnoDB DEFAULT CHARSET=utf8mb4;

-- Volcando datos para la tabla admin_mv_pro.emails: ~0 rows (aproximadamente)
/*!40000 ALTER TABLE `emails` DISABLE KEYS */;
/*!40000 ALTER TABLE `emails` ENABLE KEYS */;

-- Volcando estructura para tabla admin_mv_pro.emails_attachments
CREATE TABLE IF NOT EXISTS `emails_attachments` (
  `id` int(11) NOT NULL AUTO_INCREMENT,
  `email` int(11) DEFAULT NULL,
  `attachment` int(11) DEFAULT NULL,
  PRIMARY KEY (`id`),
  KEY `id` (`id`),
  KEY `FK_emails_attachments_emails` (`email`),
  KEY `FK_emails_attachments_attachments` (`attachment`),
  CONSTRAINT `FK_emails_attachments_attachments` FOREIGN KEY (`attachment`) REFERENCES `attachments` (`id`) ON DELETE CASCADE ON UPDATE CASCADE,
  CONSTRAINT `FK_emails_attachments_emails` FOREIGN KEY (`email`) REFERENCES `emails` (`id`) ON DELETE CASCADE ON UPDATE CASCADE
) ENGINE=InnoDB DEFAULT CHARSET=utf8mb4;

-- Volcando datos para la tabla admin_mv_pro.emails_attachments: ~0 rows (aproximadamente)
/*!40000 ALTER TABLE `emails_attachments` DISABLE KEYS */;
/*!40000 ALTER TABLE `emails_attachments` ENABLE KEYS */;

-- Volcando estructura para tabla admin_mv_pro.emails_boxes
CREATE TABLE IF NOT EXISTS `emails_boxes` (
  `id` int(11) NOT NULL AUTO_INCREMENT,
  `label` varchar(150) NOT NULL,
  `host` varchar(150) NOT NULL,
  `port` varchar(150) NOT NULL,
  `user` varchar(150) NOT NULL,
  `pass` varchar(150) NOT NULL,
  `args_add` varchar(150) NOT NULL,
  `last_sync` datetime DEFAULT CURRENT_TIMESTAMP ON UPDATE CURRENT_TIMESTAMP,
  `created` datetime DEFAULT CURRENT_TIMESTAMP,
  `created_by` int(11) DEFAULT NULL,
  `actived` int(1) DEFAULT '0',
  PRIMARY KEY (`id`),
  KEY `id` (`id`)
) ENGINE=InnoDB AUTO_INCREMENT=48 DEFAULT CHARSET=utf8mb4 ROW_FORMAT=DYNAMIC;

-- Volcando datos para la tabla admin_mv_pro.emails_boxes: ~45 rows (aproximadamente)
/*!40000 ALTER TABLE `emails_boxes` DISABLE KEYS */;
INSERT IGNORE INTO `emails_boxes` (`id`, `label`, `host`, `port`, `user`, `pass`, `args_add`, `last_sync`, `created`, `created_by`, `actived`) VALUES
	(1, 'Andres Gomez', 'mail.monteverdeltda.com', '143', 'andres.gomez@monteverdeltda.com', 'nxZA1Xgc4E', '/tls', '2019-09-15 21:44:45', '2019-09-13 00:13:47', NULL, 0),
	(2, 'Soporte', 'mail.monteverdeltda.com', '143', 'soporte@monteverdeltda.com', '2gdH2whLlT', '/tls', '2019-09-15 21:44:43', '2019-09-13 00:13:47', NULL, 0),
	(3, 'Leidy Zapata', 'mail.monteverdeltda.com', '143', 'leidy.zapata@monteverdeltda.com', 'fBEodB6rll', '/tls', '2019-09-13 15:33:14', '2019-09-13 00:13:47', NULL, 0),
	(4, 'SYSO', 'mail.monteverdeltda.com', '143', 'sst@monteverdeltda.com', 'bIhUal54Ll', '/tls', '2019-09-13 15:33:14', '2019-09-13 00:13:47', NULL, 0),
	(5, 'Maria G', 'mail.monteverdeltda.com', '143', 'maria.gottschalk@monteverdeltda.com', 'V52dATeTLV', '/tls', '2019-09-13 15:33:14', '2019-09-13 00:13:47', NULL, 0),
	(6, 'Diseños y Proyectos', 'mail.monteverdeltda.com', '143', 'disenoyproyectos@monteverdeltda.com', 'Xqbkg8kWZ9', '/tls', '2019-09-13 15:31:14', '2019-09-13 00:13:47', NULL, 0),
	(7, 'Liz', 'mail.monteverdeltda.com', '143', 'liz.trejos@monteverdeltda.com', '5r98w8pfZE', '/tls', '2019-09-13 15:33:14', '2019-09-13 00:13:47', NULL, 0),
	(8, 'Analista', 'mail.monteverdeltda.com', '143', 'analistacomercial@monteverdeltda.com', '1A7AGMnfb7', '/tls', '2019-09-13 15:33:14', '2019-09-13 00:13:47', NULL, 0),
	(9, 'Monica Echeverri', 'mail.monteverdeltda.com', '143', 'monica.echeverri@monteverdeltda.com', 'Bw29lWbDzJ', '/tls', '2019-09-13 15:33:14', '2019-09-13 00:13:47', NULL, 0),
	(10, 'Cordinador Comercial', 'mail.monteverdeltda.com', '143', 'ccomercial@monteverdeltda.com', 'QNFzdLpKPK', '/tls', '2019-09-13 15:33:14', '2019-09-13 00:13:47', NULL, 0),
	(11, 'Dpto. Comercial', 'mail.monteverdeltda.com', '143', 'comercial@monteverdeltda.com', 'BfKPGTLoXg', '/tls', '2019-09-13 15:33:14', '2019-09-13 00:13:47', NULL, 0),
	(12, 'Andrea Higuita', 'mail.monteverdeltda.com', '143', 'andrea.higuita@monteverdeltda.com', 'AfZqP7lifO', '/tls', '2019-09-13 15:33:14', '2019-09-13 00:13:47', NULL, 0),
	(13, 'Liliana Raigosa', 'mail.monteverdeltda.com', '143', 'liliana.raigosa@monteverdeltda.com', 'CrgzSm3fPf', '/tls', '2019-09-14 05:02:26', '2019-09-13 00:13:47', NULL, 0),
	(14, 'Atnc. Clientes', 'mail.monteverdeltda.com', '143', 'atencionalcliente@monteverdeltda.com', 't34fONHIn6', '/tls', '2019-09-14 05:02:34', '2019-09-13 00:13:47', NULL, 1),
	(15, 'Mary', 'mail.monteverdeltda.com', '143', 'mary.herrera@monteverdeltda.com', '6f8H4rW1G7', '/tls', '2019-09-13 15:33:14', '2019-09-13 00:13:47', NULL, 0),
	(16, 'Aux Admon', 'mail.monteverdeltda.com', '143', 'auxadmon@monteverdeltda.com', 'T2Cxs2T88e', '/tls', '2019-09-13 15:33:14', '2019-09-13 00:13:47', NULL, 0),
	(17, 'Sebastian Alvarez', 'mail.monteverdeltda.com', '143', 'sebastian.alvarez@monteverdeltda.com', '57IXIm2BTm', '/tls', '2019-09-13 15:33:14', '2019-09-13 00:13:47', NULL, 0),
	(18, 'Mario Tobon', 'mail.monteverdeltda.com', '143', 'mario.tobon@monteverdeltda.com', 'G1cQSyBCWh', '/tls', '2019-09-13 15:33:14', '2019-09-13 00:13:47', NULL, 0),
	(19, 'Gestion Humana', 'mail.monteverdeltda.com', '143', 'gestionhumana@monteverdeltda.com', '0T6v2i0tVe', '/tls', '2019-09-13 15:33:14', '2019-09-13 00:13:47', NULL, 0),
	(20, 'Carlos Lopez', 'mail.monteverdeltda.com', '143', 'carlos.lopez@monteverdeltda.com', '4qy8ExIvBv', '/tls', '2019-09-13 15:33:14', '2019-09-13 00:13:47', NULL, 0),
	(21, 'SST EPM', 'mail.monteverdeltda.com', '143', 'sst-epm@monteverdeltda.com', 'a0ycCiKXsT', '/tls', '2019-09-13 15:33:14', '2019-09-13 00:13:47', NULL, 0),
	(22, 'Ings. Forestales', 'mail.monteverdeltda.com', '143', 'operacion.if@monteverdeltda.com', '79OFpzIioe', '/tls', '2019-09-13 15:33:14', '2019-09-13 00:13:47', NULL, 0),
	(23, 'Wilmar', 'mail.monteverdeltda.com', '143', 'wilmar.cordoba@monteverdeltda.com', 'duOysCbcrx', '/tls', '2019-09-13 15:33:14', '2019-09-13 00:13:47', NULL, 0),
	(24, 'Gerencia', 'mail.monteverdeltda.com', '143', 'gerencia@monteverdeltda.com', 'SADHK2Xaxh', '/tls', '2019-09-13 15:33:14', '2019-09-13 00:13:47', NULL, 0),
	(25, 'Andrea B', 'mail.monteverdeltda.com', '143', 'andrea.botero@monteverdeltda.com', '$Monteverde2018.', '/tls', '2019-09-13 15:33:14', '2019-09-13 00:13:47', NULL, 0),
	(26, 'Administracion', 'mail.monteverdeltda.com', '143', 'administrativo@monteverdeltda.com', '$Monteverde2018.', '/tls', '2019-09-13 15:33:14', '2019-09-13 00:13:47', NULL, 0),
	(29, 'Santiago L', 'mail.monteverdeltda.com', '143', 'santiago.londono@monteverdeltda.com', 'aOnLdZ1tbA', '/tls', '2019-09-13 15:33:14', '2019-09-13 00:13:47', NULL, 0),
	(30, 'Ana Reyes', 'mail.monteverdeltda.com', '143', 'ana.reyes@monteverdeltda.com', '8UGvpzSz2K', '/tls', '2019-09-13 15:33:14', '2019-09-13 00:13:47', NULL, 0),
	(31, 'Asr. jurudico', 'mail.monteverdeltda.com', '143', 'asesorjuridico@monteverdeltda.com', 'Tpihey9ISo', '/tls', '2019-09-13 15:33:14', '2019-09-13 00:13:47', NULL, 0),
	(32, 'Juan tejada', 'mail.monteverdeltda.com', '143', 'juan.tejada@monteverdeltda.com', 'QNcJw8uCHr', '/tls', '2019-09-13 15:33:14', '2019-09-13 00:13:47', NULL, 0),
	(33, 'paula Montoya', 'mail.monteverdeltda.com', '143', 'paula.montoya@monteverdeltda.com', '79OFpzIioe', '/tls', '2019-09-13 15:33:14', '2019-09-13 00:13:47', NULL, 0),
	(34, 'Reenviar', 'mail.monteverdeltda.com', '143', 'reenvio@monteverdeltda.com', '1TI0qAtbyv', '/tls', '2019-09-15 14:33:52', '2019-09-13 00:13:47', NULL, 0),
	(35, 'Elisa Sanchez', 'mail.monteverdeltda.com', '143', 'elisa.sanchez@monteverdeltda.com', 'fk1iiB7xf9', '/tls', '2019-09-13 15:33:14', '2019-09-13 00:13:47', NULL, 0),
	(36, 'Juan Perez', 'mail.monteverdeltda.com', '143', 'juan.perez@monteverdeltda.com', 'LI8Cs5Peng', '/tls', '2019-09-13 15:33:14', '2019-09-13 00:13:47', NULL, 0),
	(37, 'Carlos londoño', 'mail.monteverdeltda.com', '143', 'carlos.londono@monteverdeltda.com', '6PItTNZGMu', '/tls', '2019-09-13 15:33:14', '2019-09-13 00:13:47', NULL, 0),
	(38, 'Operacion GEO', 'mail.monteverdeltda.com', '143', 'operacion.sig@monteverdeltda.com', 'Ig28DHLZc1', '/tls', '2019-09-13 15:33:14', '2019-09-13 00:13:47', NULL, 0),
	(39, 'Enterate', 'mail.monteverdeltda.com', '143', 'enterate@monteverdeltda.com', 'c2AlAeU7T2', '/tls', '2019-09-13 16:22:02', '2019-09-13 00:13:47', NULL, 0),
	(40, 'SMTP', 'mail.monteverdeltda.com', '143', 'smtp@monteverdeltda.com', 'pftK1L3Pfk', '/tls', '2019-09-13 16:22:05', '2019-09-13 00:13:47', NULL, 0),
	(41, 'Romario', 'mail.monteverdeltda.com', '143', 'romario.embus@monteverdeltda.com', '4syf6erKQf', '/tls', '2019-09-13 15:33:14', '2019-09-13 00:13:47', NULL, 0),
	(42, 'Diseño Productos', 'mail.monteverdeltda.com', '143', 'disenoproducto@monteverdeltda.com', 'T1cArHJz85', '/tls', '2019-09-13 15:33:14', '2019-09-13 00:13:47', NULL, 0),
	(43, 'Jhon Graciano', 'mail.monteverdeltda.com', '143', 'jhon.graciano@monteverdeltda.com', '4ATW31ihp5', '/tls', '2019-09-13 15:33:14', '2019-09-13 00:13:47', NULL, 0),
	(44, 'Rodrigo Tobon', 'mail.monteverdeltda.com', '143', 'rodrigo.tobon@monteverdeltda.com', 'gbo5LudVCe', '/tls', '2019-09-13 15:33:14', '2019-09-13 00:13:47', NULL, 0),
	(45, 'Cesar Garcia', 'mail.monteverdeltda.com', '143', 'cesar.garcia@monteverdeltda.com', '3zp3WatZif', '/tls', '2019-09-13 15:33:14', '2019-09-13 00:13:47', NULL, 0),
	(46, 'Paulo Pallares', 'mail.monteverdeltda.com', '143', 'paulo.pallares@monteverdeltda.com', 'xSVwwFOx63', '/tls', '2019-09-13 15:33:14', '2019-09-13 00:13:47', NULL, 0),
	(47, 'Monica Jaramillo', 'mail.monteverdeltda.com', '143', 'monica.jaramillo@monteverdeltda.com', '2lcLqczkwS', '/tls', '2019-09-13 15:33:14', '2019-09-13 00:13:47', NULL, 0);
/*!40000 ALTER TABLE `emails_boxes` ENABLE KEYS */;

-- Volcando estructura para tabla admin_mv_pro.emails_users
CREATE TABLE IF NOT EXISTS `emails_users` (
  `id` int(11) NOT NULL AUTO_INCREMENT,
  `user` int(11) NOT NULL,
  `email` int(11) NOT NULL,
  PRIMARY KEY (`id`),
  KEY `id` (`id`),
  KEY `FK_users_mails_users` (`user`),
  KEY `FK_users_mails_mails` (`email`),
  CONSTRAINT `FK_users_mails_mails` FOREIGN KEY (`email`) REFERENCES `mails` (`id`) ON DELETE CASCADE ON UPDATE CASCADE,
  CONSTRAINT `FK_users_mails_users` FOREIGN KEY (`user`) REFERENCES `users` (`id`) ON DELETE CASCADE ON UPDATE CASCADE
) ENGINE=InnoDB DEFAULT CHARSET=utf8mb4;

-- Volcando datos para la tabla admin_mv_pro.emails_users: ~0 rows (aproximadamente)
/*!40000 ALTER TABLE `emails_users` DISABLE KEYS */;
/*!40000 ALTER TABLE `emails_users` ENABLE KEYS */;

-- Volcando estructura para tabla admin_mv_pro.events
CREATE TABLE IF NOT EXISTS `events` (
  `id` int(11) NOT NULL AUTO_INCREMENT,
  `title` varchar(250) NOT NULL,
  `allDay` int(1) DEFAULT '0',
  `resource` varchar(15) DEFAULT 'R1',
  `start` datetime NOT NULL,
  `end` datetime NOT NULL,
  `type` int(11) DEFAULT NULL,
  `request` int(11) DEFAULT NULL,
  `notes` text,
  `complete` int(1) DEFAULT '0',
  `completed` datetime DEFAULT NULL,
  `create_by` int(11) DEFAULT NULL,
  `created` datetime DEFAULT CURRENT_TIMESTAMP,
  `last_update_by` int(11) DEFAULT NULL,
  `last_updated` datetime DEFAULT CURRENT_TIMESTAMP ON UPDATE CURRENT_TIMESTAMP,
  `addresses` varchar(500) DEFAULT 'Sin direcciones',
  `points_ref` varchar(500) DEFAULT '-',
  PRIMARY KEY (`id`),
  KEY `id` (`id`),
  KEY `FK_calendar_requests` (`request`),
  KEY `FK_events_types_events` (`type`),
  KEY `FK_events_users` (`create_by`),
  KEY `FK_events_users_2` (`last_update_by`),
  CONSTRAINT `FK_calendar_requests` FOREIGN KEY (`request`) REFERENCES `requests` (`id`) ON DELETE CASCADE ON UPDATE CASCADE,
  CONSTRAINT `FK_events_events_types` FOREIGN KEY (`type`) REFERENCES `events_types` (`id`) ON DELETE SET NULL ON UPDATE CASCADE,
  CONSTRAINT `FK_events_users` FOREIGN KEY (`create_by`) REFERENCES `users` (`id`) ON UPDATE CASCADE,
  CONSTRAINT `FK_events_users_2` FOREIGN KEY (`last_update_by`) REFERENCES `users` (`id`) ON UPDATE CASCADE
) ENGINE=InnoDB DEFAULT CHARSET=utf8mb4 ROW_FORMAT=DYNAMIC;

-- Volcando datos para la tabla admin_mv_pro.events: ~0 rows (aproximadamente)
/*!40000 ALTER TABLE `events` DISABLE KEYS */;
/*!40000 ALTER TABLE `events` ENABLE KEYS */;

-- Volcando estructura para tabla admin_mv_pro.events_activity
CREATE TABLE IF NOT EXISTS `events_activity` (
  `id` int(11) NOT NULL AUTO_INCREMENT,
  `event` int(11) NOT NULL,
  `user` int(11) NOT NULL,
  `type` varchar(50) NOT NULL,
  `info` json NOT NULL,
  `created` datetime DEFAULT CURRENT_TIMESTAMP,
  `updated` datetime DEFAULT CURRENT_TIMESTAMP ON UPDATE CURRENT_TIMESTAMP,
  PRIMARY KEY (`id`),
  KEY `id` (`id`),
  KEY `FK_events_activity_events` (`event`),
  KEY `FK_events_activity_users` (`user`),
  CONSTRAINT `FK_events_activity_events` FOREIGN KEY (`event`) REFERENCES `events` (`id`) ON DELETE CASCADE ON UPDATE CASCADE,
  CONSTRAINT `FK_events_activity_users` FOREIGN KEY (`user`) REFERENCES `users` (`id`) ON UPDATE CASCADE
) ENGINE=InnoDB DEFAULT CHARSET=utf8mb4;

-- Volcando datos para la tabla admin_mv_pro.events_activity: ~0 rows (aproximadamente)
/*!40000 ALTER TABLE `events_activity` DISABLE KEYS */;
/*!40000 ALTER TABLE `events_activity` ENABLE KEYS */;

-- Volcando estructura para tabla admin_mv_pro.events_tools
CREATE TABLE IF NOT EXISTS `events_tools` (
  `id` int(11) NOT NULL AUTO_INCREMENT,
  `event` int(11) NOT NULL,
  `title` varchar(250) NOT NULL,
  `status` int(11) DEFAULT '0',
  `created` datetime DEFAULT CURRENT_TIMESTAMP,
  `updated` datetime DEFAULT CURRENT_TIMESTAMP ON UPDATE CURRENT_TIMESTAMP,
  `create_by` int(11) DEFAULT NULL,
  `update_by` int(11) DEFAULT NULL,
  PRIMARY KEY (`id`),
  KEY `id` (`id`),
  KEY `FK_events_tools_events` (`event`),
  KEY `FK_events_tools_users` (`create_by`),
  KEY `FK_events_tools_users_2` (`update_by`),
  CONSTRAINT `FK_events_tools_events` FOREIGN KEY (`event`) REFERENCES `events` (`id`) ON DELETE CASCADE ON UPDATE CASCADE,
  CONSTRAINT `FK_events_tools_users` FOREIGN KEY (`create_by`) REFERENCES `users` (`id`) ON DELETE SET NULL ON UPDATE CASCADE,
  CONSTRAINT `FK_events_tools_users_2` FOREIGN KEY (`update_by`) REFERENCES `users` (`id`) ON DELETE SET NULL ON UPDATE CASCADE
) ENGINE=InnoDB DEFAULT CHARSET=utf8mb4;

-- Volcando datos para la tabla admin_mv_pro.events_tools: ~0 rows (aproximadamente)
/*!40000 ALTER TABLE `events_tools` DISABLE KEYS */;
/*!40000 ALTER TABLE `events_tools` ENABLE KEYS */;

-- Volcando estructura para tabla admin_mv_pro.events_types
CREATE TABLE IF NOT EXISTS `events_types` (
  `id` int(11) NOT NULL AUTO_INCREMENT,
  `name` varchar(50) NOT NULL,
  `color_background` varchar(50) DEFAULT NULL,
  PRIMARY KEY (`id`),
  KEY `id` (`id`)
) ENGINE=InnoDB DEFAULT CHARSET=utf8mb4;

-- Volcando datos para la tabla admin_mv_pro.events_types: ~0 rows (aproximadamente)
/*!40000 ALTER TABLE `events_types` DISABLE KEYS */;
/*!40000 ALTER TABLE `events_types` ENABLE KEYS */;

-- Volcando estructura para tabla admin_mv_pro.geo_citys
CREATE TABLE IF NOT EXISTS `geo_citys` (
  `id` int(11) NOT NULL AUTO_INCREMENT,
  `name` varchar(255) NOT NULL,
  `department` int(2) DEFAULT NULL,
  PRIMARY KEY (`id`),
  KEY `departamento_id` (`department`),
  KEY `id` (`id`),
  CONSTRAINT `FK_geo_citys_geo_departments` FOREIGN KEY (`department`) REFERENCES `geo_departments` (`id`) ON DELETE SET NULL ON UPDATE CASCADE
) ENGINE=InnoDB AUTO_INCREMENT=1101 DEFAULT CHARSET=utf8mb4 ROW_FORMAT=DYNAMIC;

-- Volcando datos para la tabla admin_mv_pro.geo_citys: ~1.100 rows (aproximadamente)
/*!40000 ALTER TABLE `geo_citys` DISABLE KEYS */;
INSERT IGNORE INTO `geo_citys` (`id`, `name`, `department`) VALUES
	(1, 'Abriaquí', 2),
	(2, 'Acacías', 21),
	(3, 'Acandí', 13),
	(4, 'Acevedo', 18),
	(5, 'Achí', 6),
	(6, 'Agrado', 18),
	(7, 'Agua de Dios', 15),
	(8, 'Aguachica', 12),
	(9, 'Aguada', 28),
	(10, 'Aguadas', 8),
	(11, 'Aguazul', 10),
	(12, 'Agustín Codazzi', 12),
	(13, 'Aipe', 18),
	(14, 'Albania', 9),
	(15, 'Albania', 19),
	(16, 'Albania', 28),
	(17, 'Albán', 15),
	(18, 'Albán (San José)', 22),
	(19, 'Alcalá', 31),
	(20, 'Alejandria', 2),
	(21, 'Algarrobo', 20),
	(22, 'Algeciras', 18),
	(23, 'Almaguer', 11),
	(24, 'Almeida', 7),
	(25, 'Alpujarra', 30),
	(26, 'Altamira', 18),
	(27, 'Alto Baudó (Pie de Pato)', 13),
	(28, 'Altos del Rosario', 6),
	(29, 'Alvarado', 30),
	(30, 'Amagá', 2),
	(31, 'Amalfi', 2),
	(32, 'Ambalema', 30),
	(33, 'Anapoima', 15),
	(34, 'Ancuya', 22),
	(35, 'Andalucía', 31),
	(36, 'Andes', 2),
	(37, 'Angelópolis', 2),
	(38, 'Angostura', 2),
	(39, 'Anolaima', 15),
	(40, 'Anorí', 2),
	(41, 'Anserma', 8),
	(42, 'Ansermanuevo', 31),
	(43, 'Anzoátegui', 30),
	(44, 'Anzá', 2),
	(45, 'Apartadó', 2),
	(46, 'Apulo', 15),
	(47, 'Apía', 26),
	(48, 'Aquitania', 7),
	(49, 'Aracataca', 20),
	(50, 'Aranzazu', 8),
	(51, 'Aratoca', 28),
	(52, 'Arauca', 3),
	(53, 'Arauquita', 3),
	(54, 'Arbeláez', 15),
	(55, 'Arboleda (Berruecos)', 22),
	(56, 'Arboledas', 23),
	(57, 'Arboletes', 2),
	(58, 'Arcabuco', 7),
	(59, 'Arenal', 6),
	(60, 'Argelia', 2),
	(61, 'Argelia', 11),
	(62, 'Argelia', 31),
	(63, 'Ariguaní (El Difícil)', 20),
	(64, 'Arjona', 6),
	(65, 'Armenia', 2),
	(66, 'Armenia', 25),
	(67, 'Armero (Guayabal)', 30),
	(68, 'Arroyohondo', 6),
	(69, 'Astrea', 12),
	(70, 'Ataco', 30),
	(71, 'Atrato (Yuto)', 13),
	(72, 'Ayapel', 14),
	(73, 'Bagadó', 13),
	(74, 'Bahía Solano (Mútis)', 13),
	(75, 'Bajo Baudó (Pizarro)', 13),
	(76, 'Balboa', 11),
	(77, 'Balboa', 26),
	(78, 'Baranoa', 4),
	(79, 'Baraya', 18),
	(80, 'Barbacoas', 22),
	(81, 'Barbosa', 2),
	(82, 'Barbosa', 28),
	(83, 'Barichara', 28),
	(84, 'Barranca de Upía', 21),
	(85, 'Barrancabermeja', 28),
	(86, 'Barrancas', 19),
	(87, 'Barranco de Loba', 6),
	(88, 'Barranquilla', 4),
	(89, 'Becerríl', 12),
	(90, 'Belalcázar', 8),
	(91, 'Bello', 2),
	(92, 'Belmira', 2),
	(93, 'Beltrán', 15),
	(94, 'Belén', 7),
	(95, 'Belén', 22),
	(96, 'Belén de Bajirá', 13),
	(97, 'Belén de Umbría', 26),
	(98, 'Belén de los Andaquíes', 9),
	(99, 'Berbeo', 7),
	(100, 'Betania', 2),
	(101, 'Beteitiva', 7),
	(102, 'Betulia', 2),
	(103, 'Betulia', 28),
	(104, 'Bituima', 15),
	(105, 'Boavita', 7),
	(106, 'Bochalema', 23),
	(107, 'Bogotá D.C.', 5),
	(108, 'Bojacá', 15),
	(109, 'Bojayá (Bellavista)', 13),
	(110, 'Bolívar', 2),
	(111, 'Bolívar', 11),
	(112, 'Bolívar', 28),
	(113, 'Bolívar', 31),
	(114, 'Bosconia', 12),
	(115, 'Boyacá', 7),
	(116, 'Briceño', 2),
	(117, 'Briceño', 7),
	(118, 'Bucaramanga', 28),
	(119, 'Bucarasica', 23),
	(120, 'Buenaventura', 31),
	(121, 'Buenavista', 7),
	(122, 'Buenavista', 14),
	(123, 'Buenavista', 25),
	(124, 'Buenavista', 29),
	(125, 'Buenos Aires', 11),
	(126, 'Buesaco', 22),
	(127, 'Buga', 31),
	(128, 'Bugalagrande', 31),
	(129, 'Burítica', 2),
	(130, 'Busbanza', 7),
	(131, 'Cabrera', 15),
	(132, 'Cabrera', 28),
	(133, 'Cabuyaro', 21),
	(134, 'Cachipay', 15),
	(135, 'Caicedo', 2),
	(136, 'Caicedonia', 31),
	(137, 'Caimito', 29),
	(138, 'Cajamarca', 30),
	(139, 'Cajibío', 11),
	(140, 'Cajicá', 15),
	(141, 'Calamar', 6),
	(142, 'Calamar', 17),
	(143, 'Calarcá', 25),
	(144, 'Caldas', 2),
	(145, 'Caldas', 7),
	(146, 'Caldono', 11),
	(147, 'California', 28),
	(148, 'Calima (Darién)', 31),
	(149, 'Caloto', 11),
	(150, 'Calí', 31),
	(151, 'Campamento', 2),
	(152, 'Campo de la Cruz', 4),
	(153, 'Campoalegre', 18),
	(154, 'Campohermoso', 7),
	(155, 'Canalete', 14),
	(156, 'Candelaria', 4),
	(157, 'Candelaria', 31),
	(158, 'Cantagallo', 6),
	(159, 'Cantón de San Pablo', 13),
	(160, 'Caparrapí', 15),
	(161, 'Capitanejo', 28),
	(162, 'Caracolí', 2),
	(163, 'Caramanta', 2),
	(164, 'Carcasí', 28),
	(165, 'Carepa', 2),
	(166, 'Carmen de Apicalá', 30),
	(167, 'Carmen de Carupa', 15),
	(168, 'Carmen de Viboral', 2),
	(169, 'Carmen del Darién (CURBARADÓ)', 13),
	(170, 'Carolina', 2),
	(171, 'Cartagena', 6),
	(172, 'Cartagena del Chairá', 9),
	(173, 'Cartago', 31),
	(174, 'Carurú', 32),
	(175, 'Casabianca', 30),
	(176, 'Castilla la Nueva', 21),
	(177, 'Caucasia', 2),
	(178, 'Cañasgordas', 2),
	(179, 'Cepita', 28),
	(180, 'Cereté', 14),
	(181, 'Cerinza', 7),
	(182, 'Cerrito', 28),
	(183, 'Cerro San Antonio', 20),
	(184, 'Chachaguí', 22),
	(185, 'Chaguaní', 15),
	(186, 'Chalán', 29),
	(187, 'Chaparral', 30),
	(188, 'Charalá', 28),
	(189, 'Charta', 28),
	(190, 'Chigorodó', 2),
	(191, 'Chima', 28),
	(192, 'Chimichagua', 12),
	(193, 'Chimá', 14),
	(194, 'Chinavita', 7),
	(195, 'Chinchiná', 8),
	(196, 'Chinácota', 23),
	(197, 'Chinú', 14),
	(198, 'Chipaque', 15),
	(199, 'Chipatá', 28),
	(200, 'Chiquinquirá', 7),
	(201, 'Chiriguaná', 12),
	(202, 'Chiscas', 7),
	(203, 'Chita', 7),
	(204, 'Chitagá', 23),
	(205, 'Chitaraque', 7),
	(206, 'Chivatá', 7),
	(207, 'Chivolo', 20),
	(208, 'Choachí', 15),
	(209, 'Chocontá', 15),
	(210, 'Chámeza', 10),
	(211, 'Chía', 15),
	(212, 'Chíquiza', 7),
	(213, 'Chívor', 7),
	(214, 'Cicuco', 6),
	(215, 'Cimitarra', 28),
	(216, 'Circasia', 25),
	(217, 'Cisneros', 2),
	(218, 'Ciénaga', 7),
	(219, 'Ciénaga', 20),
	(220, 'Ciénaga de Oro', 14),
	(221, 'Clemencia', 6),
	(222, 'Cocorná', 2),
	(223, 'Coello', 30),
	(224, 'Cogua', 15),
	(225, 'Colombia', 18),
	(226, 'Colosó (Ricaurte)', 29),
	(227, 'Colón', 24),
	(228, 'Colón (Génova)', 22),
	(229, 'Concepción', 2),
	(230, 'Concepción', 28),
	(231, 'Concordia', 2),
	(232, 'Concordia', 20),
	(233, 'Condoto', 13),
	(234, 'Confines', 28),
	(235, 'Consaca', 22),
	(236, 'Contadero', 22),
	(237, 'Contratación', 28),
	(238, 'Convención', 23),
	(239, 'Copacabana', 2),
	(240, 'Coper', 7),
	(241, 'Cordobá', 25),
	(242, 'Corinto', 11),
	(243, 'Coromoro', 28),
	(244, 'Corozal', 29),
	(245, 'Corrales', 7),
	(246, 'Cota', 15),
	(247, 'Cotorra', 14),
	(248, 'Covarachía', 7),
	(249, 'Coveñas', 29),
	(250, 'Coyaima', 30),
	(251, 'Cravo Norte', 3),
	(252, 'Cuaspud (Carlosama)', 22),
	(253, 'Cubarral', 21),
	(254, 'Cubará', 7),
	(255, 'Cucaita', 7),
	(256, 'Cucunubá', 15),
	(257, 'Cucutilla', 23),
	(258, 'Cuitiva', 7),
	(259, 'Cumaral', 21),
	(260, 'Cumaribo', 33),
	(261, 'Cumbal', 22),
	(262, 'Cumbitara', 22),
	(263, 'Cunday', 30),
	(264, 'Curillo', 9),
	(265, 'Curití', 28),
	(266, 'Curumaní', 12),
	(267, 'Cáceres', 2),
	(268, 'Cáchira', 23),
	(269, 'Cácota', 23),
	(270, 'Cáqueza', 15),
	(271, 'Cértegui', 13),
	(272, 'Cómbita', 7),
	(273, 'Córdoba', 6),
	(274, 'Córdoba', 22),
	(275, 'Cúcuta', 23),
	(276, 'Dabeiba', 2),
	(277, 'Dagua', 31),
	(278, 'Dibulla', 19),
	(279, 'Distracción', 19),
	(280, 'Dolores', 30),
	(281, 'Don Matías', 2),
	(282, 'Dos Quebradas', 26),
	(283, 'Duitama', 7),
	(284, 'Durania', 23),
	(285, 'Ebéjico', 2),
	(286, 'El Bagre', 2),
	(287, 'El Banco', 20),
	(288, 'El Cairo', 31),
	(289, 'El Calvario', 21),
	(290, 'El Carmen', 23),
	(291, 'El Carmen', 28),
	(292, 'El Carmen de Atrato', 13),
	(293, 'El Carmen de Bolívar', 6),
	(294, 'El Castillo', 21),
	(295, 'El Cerrito', 31),
	(296, 'El Charco', 22),
	(297, 'El Cocuy', 7),
	(298, 'El Colegio', 15),
	(299, 'El Copey', 12),
	(300, 'El Doncello', 9),
	(301, 'El Dorado', 21),
	(302, 'El Dovio', 31),
	(303, 'El Espino', 7),
	(304, 'El Guacamayo', 28),
	(305, 'El Guamo', 6),
	(306, 'El Molino', 19),
	(307, 'El Paso', 12),
	(308, 'El Paujil', 9),
	(309, 'El Peñol', 22),
	(310, 'El Peñon', 6),
	(311, 'El Peñon', 28),
	(312, 'El Peñón', 15),
	(313, 'El Piñon', 20),
	(314, 'El Playón', 28),
	(315, 'El Retorno', 17),
	(316, 'El Retén', 20),
	(317, 'El Roble', 29),
	(318, 'El Rosal', 15),
	(319, 'El Rosario', 22),
	(320, 'El Tablón de Gómez', 22),
	(321, 'El Tambo', 11),
	(322, 'El Tambo', 22),
	(323, 'El Tarra', 23),
	(324, 'El Zulia', 23),
	(325, 'El Águila', 31),
	(326, 'Elías', 18),
	(327, 'Encino', 28),
	(328, 'Enciso', 28),
	(329, 'Entrerríos', 2),
	(330, 'Envigado', 2),
	(331, 'Espinal', 30),
	(332, 'Facatativá', 15),
	(333, 'Falan', 30),
	(334, 'Filadelfia', 8),
	(335, 'Filandia', 25),
	(336, 'Firavitoba', 7),
	(337, 'Flandes', 30),
	(338, 'Florencia', 9),
	(339, 'Florencia', 11),
	(340, 'Floresta', 7),
	(341, 'Florida', 31),
	(342, 'Floridablanca', 28),
	(343, 'Florián', 28),
	(344, 'Fonseca', 19),
	(345, 'Fortúl', 3),
	(346, 'Fosca', 15),
	(347, 'Francisco Pizarro', 22),
	(348, 'Fredonia', 2),
	(349, 'Fresno', 30),
	(350, 'Frontino', 2),
	(351, 'Fuente de Oro', 21),
	(352, 'Fundación', 20),
	(353, 'Funes', 22),
	(354, 'Funza', 15),
	(355, 'Fusagasugá', 15),
	(356, 'Fómeque', 15),
	(357, 'Fúquene', 15),
	(358, 'Gachalá', 15),
	(359, 'Gachancipá', 15),
	(360, 'Gachantivá', 7),
	(361, 'Gachetá', 15),
	(362, 'Galapa', 4),
	(363, 'Galeras (Nueva Granada)', 29),
	(364, 'Galán', 28),
	(365, 'Gama', 15),
	(366, 'Gamarra', 12),
	(367, 'Garagoa', 7),
	(368, 'Garzón', 18),
	(369, 'Gigante', 18),
	(370, 'Ginebra', 31),
	(371, 'Giraldo', 2),
	(372, 'Girardot', 15),
	(373, 'Girardota', 2),
	(374, 'Girón', 28),
	(375, 'Gonzalez', 12),
	(376, 'Gramalote', 23),
	(377, 'Granada', 2),
	(378, 'Granada', 15),
	(379, 'Granada', 21),
	(380, 'Guaca', 28),
	(381, 'Guacamayas', 7),
	(382, 'Guacarí', 31),
	(383, 'Guachavés', 22),
	(384, 'Guachené', 11),
	(385, 'Guachetá', 15),
	(386, 'Guachucal', 22),
	(387, 'Guadalupe', 2),
	(388, 'Guadalupe', 18),
	(389, 'Guadalupe', 28),
	(390, 'Guaduas', 15),
	(391, 'Guaitarilla', 22),
	(392, 'Gualmatán', 22),
	(393, 'Guamal', 20),
	(394, 'Guamal', 21),
	(395, 'Guamo', 30),
	(396, 'Guapota', 28),
	(397, 'Guapí', 11),
	(398, 'Guaranda', 29),
	(399, 'Guarne', 2),
	(400, 'Guasca', 15),
	(401, 'Guatapé', 2),
	(402, 'Guataquí', 15),
	(403, 'Guatavita', 15),
	(404, 'Guateque', 7),
	(405, 'Guavatá', 28),
	(406, 'Guayabal de Siquima', 15),
	(407, 'Guayabetal', 15),
	(408, 'Guayatá', 7),
	(409, 'Guepsa', 28),
	(410, 'Guicán', 7),
	(411, 'Gutiérrez', 15),
	(412, 'Guática', 26),
	(413, 'Gámbita', 28),
	(414, 'Gámeza', 7),
	(415, 'Génova', 25),
	(416, 'Gómez Plata', 2),
	(417, 'Hacarí', 23),
	(418, 'Hatillo de Loba', 6),
	(419, 'Hato', 28),
	(420, 'Hato Corozal', 10),
	(421, 'Hatonuevo', 19),
	(422, 'Heliconia', 2),
	(423, 'Herrán', 23),
	(424, 'Herveo', 30),
	(425, 'Hispania', 2),
	(426, 'Hobo', 18),
	(427, 'Honda', 30),
	(428, 'Ibagué', 30),
	(429, 'Icononzo', 30),
	(430, 'Iles', 22),
	(431, 'Imúes', 22),
	(432, 'Inzá', 11),
	(433, 'Inírida', 16),
	(434, 'Ipiales', 22),
	(435, 'Isnos', 18),
	(436, 'Istmina', 13),
	(437, 'Itagüí', 2),
	(438, 'Ituango', 2),
	(439, 'Izá', 7),
	(440, 'Jambaló', 11),
	(441, 'Jamundí', 31),
	(442, 'Jardín', 2),
	(443, 'Jenesano', 7),
	(444, 'Jericó', 2),
	(445, 'Jericó', 7),
	(446, 'Jerusalén', 15),
	(447, 'Jesús María', 28),
	(448, 'Jordán', 28),
	(449, 'Juan de Acosta', 4),
	(450, 'Junín', 15),
	(451, 'Juradó', 13),
	(452, 'La Apartada y La Frontera', 14),
	(453, 'La Argentina', 18),
	(454, 'La Belleza', 28),
	(455, 'La Calera', 15),
	(456, 'La Capilla', 7),
	(457, 'La Ceja', 2),
	(458, 'La Celia', 26),
	(459, 'La Cruz', 22),
	(460, 'La Cumbre', 31),
	(461, 'La Dorada', 8),
	(462, 'La Esperanza', 23),
	(463, 'La Estrella', 2),
	(464, 'La Florida', 22),
	(465, 'La Gloria', 12),
	(466, 'La Jagua de Ibirico', 12),
	(467, 'La Jagua del Pilar', 19),
	(468, 'La Llanada', 22),
	(469, 'La Macarena', 21),
	(470, 'La Merced', 8),
	(471, 'La Mesa', 15),
	(472, 'La Montañita', 9),
	(473, 'La Palma', 15),
	(474, 'La Paz', 28),
	(475, 'La Paz (Robles)', 12),
	(476, 'La Peña', 15),
	(477, 'La Pintada', 2),
	(478, 'La Plata', 18),
	(479, 'La Playa', 23),
	(480, 'La Primavera', 33),
	(481, 'La Salina', 10),
	(482, 'La Sierra', 11),
	(483, 'La Tebaida', 25),
	(484, 'La Tola', 22),
	(485, 'La Unión', 2),
	(486, 'La Unión', 22),
	(487, 'La Unión', 29),
	(488, 'La Unión', 31),
	(489, 'La Uvita', 7),
	(490, 'La Vega', 11),
	(491, 'La Vega', 15),
	(492, 'La Victoria', 7),
	(493, 'La Victoria', 8),
	(494, 'La Victoria', 31),
	(495, 'La Virginia', 26),
	(496, 'Labateca', 23),
	(497, 'Labranzagrande', 7),
	(498, 'Landázuri', 28),
	(499, 'Lebrija', 28),
	(500, 'Leiva', 22),
	(501, 'Lejanías', 21),
	(502, 'Lenguazaque', 15),
	(503, 'Leticia', 1),
	(504, 'Liborina', 2),
	(505, 'Linares', 22),
	(506, 'Lloró', 13),
	(507, 'Lorica', 14),
	(508, 'Los Córdobas', 14),
	(509, 'Los Palmitos', 29),
	(510, 'Los Patios', 23),
	(511, 'Los Santos', 28),
	(512, 'Lourdes', 23),
	(513, 'Luruaco', 4),
	(514, 'Lérida', 30),
	(515, 'Líbano', 30),
	(516, 'López (Micay)', 11),
	(517, 'Macanal', 7),
	(518, 'Macaravita', 28),
	(519, 'Maceo', 2),
	(520, 'Machetá', 15),
	(521, 'Madrid', 15),
	(522, 'Magangué', 6),
	(523, 'Magüi (Payán)', 22),
	(524, 'Mahates', 6),
	(525, 'Maicao', 19),
	(526, 'Majagual', 29),
	(527, 'Malambo', 4),
	(528, 'Mallama (Piedrancha)', 22),
	(529, 'Manatí', 4),
	(530, 'Manaure', 19),
	(531, 'Manaure Balcón del Cesar', 12),
	(532, 'Manizales', 8),
	(533, 'Manta', 15),
	(534, 'Manzanares', 8),
	(535, 'Maní', 10),
	(536, 'Mapiripan', 21),
	(537, 'Margarita', 6),
	(538, 'Marinilla', 2),
	(539, 'Maripí', 7),
	(540, 'Mariquita', 30),
	(541, 'Marmato', 8),
	(542, 'Marquetalia', 8),
	(543, 'Marsella', 26),
	(544, 'Marulanda', 8),
	(545, 'María la Baja', 6),
	(546, 'Matanza', 28),
	(547, 'Medellín', 2),
	(548, 'Medina', 15),
	(549, 'Medio Atrato', 13),
	(550, 'Medio Baudó', 13),
	(551, 'Medio San Juan (ANDAGOYA)', 13),
	(552, 'Melgar', 30),
	(553, 'Mercaderes', 11),
	(554, 'Mesetas', 21),
	(555, 'Milán', 9),
	(556, 'Miraflores', 7),
	(557, 'Miraflores', 17),
	(558, 'Miranda', 11),
	(559, 'Mistrató', 26),
	(560, 'Mitú', 32),
	(561, 'Mocoa', 24),
	(562, 'Mogotes', 28),
	(563, 'Molagavita', 28),
	(564, 'Momil', 14),
	(565, 'Mompós', 6),
	(566, 'Mongua', 7),
	(567, 'Monguí', 7),
	(568, 'Moniquirá', 7),
	(569, 'Montebello', 2),
	(570, 'Montecristo', 6),
	(571, 'Montelíbano', 14),
	(572, 'Montenegro', 25),
	(573, 'Monteria', 14),
	(574, 'Monterrey', 10),
	(575, 'Morales', 6),
	(576, 'Morales', 11),
	(577, 'Morelia', 9),
	(578, 'Morroa', 29),
	(579, 'Mosquera', 15),
	(580, 'Mosquera', 22),
	(581, 'Motavita', 7),
	(582, 'Moñitos', 14),
	(583, 'Murillo', 30),
	(584, 'Murindó', 2),
	(585, 'Mutatá', 2),
	(586, 'Mutiscua', 23),
	(587, 'Muzo', 7),
	(588, 'Málaga', 28),
	(589, 'Nariño', 2),
	(590, 'Nariño', 15),
	(591, 'Nariño', 22),
	(592, 'Natagaima', 30),
	(593, 'Nechí', 2),
	(594, 'Necoclí', 2),
	(595, 'Neira', 8),
	(596, 'Neiva', 18),
	(597, 'Nemocón', 15),
	(598, 'Nilo', 15),
	(599, 'Nimaima', 15),
	(600, 'Nobsa', 7),
	(601, 'Nocaima', 15),
	(602, 'Norcasia', 8),
	(603, 'Norosí', 6),
	(604, 'Novita', 13),
	(605, 'Nueva Granada', 20),
	(606, 'Nuevo Colón', 7),
	(607, 'Nunchía', 10),
	(608, 'Nuquí', 13),
	(609, 'Nátaga', 18),
	(610, 'Obando', 31),
	(611, 'Ocamonte', 28),
	(612, 'Ocaña', 23),
	(613, 'Oiba', 28),
	(614, 'Oicatá', 7),
	(615, 'Olaya', 2),
	(616, 'Olaya Herrera', 22),
	(617, 'Onzaga', 28),
	(618, 'Oporapa', 18),
	(619, 'Orito', 24),
	(620, 'Orocué', 10),
	(621, 'Ortega', 30),
	(622, 'Ospina', 22),
	(623, 'Otanche', 7),
	(624, 'Ovejas', 29),
	(625, 'Pachavita', 7),
	(626, 'Pacho', 15),
	(627, 'Padilla', 11),
	(628, 'Paicol', 18),
	(629, 'Pailitas', 12),
	(630, 'Paime', 15),
	(631, 'Paipa', 7),
	(632, 'Pajarito', 7),
	(633, 'Palermo', 18),
	(634, 'Palestina', 8),
	(635, 'Palestina', 18),
	(636, 'Palmar', 28),
	(637, 'Palmar de Varela', 4),
	(638, 'Palmas del Socorro', 28),
	(639, 'Palmira', 31),
	(640, 'Palmito', 29),
	(641, 'Palocabildo', 30),
	(642, 'Pamplona', 23),
	(643, 'Pamplonita', 23),
	(644, 'Pandi', 15),
	(645, 'Panqueba', 7),
	(646, 'Paratebueno', 15),
	(647, 'Pasca', 15),
	(648, 'Patía (El Bordo)', 11),
	(649, 'Pauna', 7),
	(650, 'Paya', 7),
	(651, 'Paz de Ariporo', 10),
	(652, 'Paz de Río', 7),
	(653, 'Pedraza', 20),
	(654, 'Pelaya', 12),
	(655, 'Pensilvania', 8),
	(656, 'Peque', 2),
	(657, 'Pereira', 26),
	(658, 'Pesca', 7),
	(659, 'Peñol', 2),
	(660, 'Piamonte', 11),
	(661, 'Pie de Cuesta', 28),
	(662, 'Piedras', 30),
	(663, 'Piendamó', 11),
	(664, 'Pijao', 25),
	(665, 'Pijiño', 20),
	(666, 'Pinchote', 28),
	(667, 'Pinillos', 6),
	(668, 'Piojo', 4),
	(669, 'Pisva', 7),
	(670, 'Pital', 18),
	(671, 'Pitalito', 18),
	(672, 'Pivijay', 20),
	(673, 'Planadas', 30),
	(674, 'Planeta Rica', 14),
	(675, 'Plato', 20),
	(676, 'Policarpa', 22),
	(677, 'Polonuevo', 4),
	(678, 'Ponedera', 4),
	(679, 'Popayán', 11),
	(680, 'Pore', 10),
	(681, 'Potosí', 22),
	(682, 'Pradera', 31),
	(683, 'Prado', 30),
	(684, 'Providencia', 22),
	(685, 'Providencia', 27),
	(686, 'Pueblo Bello', 12),
	(687, 'Pueblo Nuevo', 14),
	(688, 'Pueblo Rico', 26),
	(689, 'Pueblorrico', 2),
	(690, 'Puebloviejo', 20),
	(691, 'Puente Nacional', 28),
	(692, 'Puerres', 22),
	(693, 'Puerto Asís', 24),
	(694, 'Puerto Berrío', 2),
	(695, 'Puerto Boyacá', 7),
	(696, 'Puerto Caicedo', 24),
	(697, 'Puerto Carreño', 33),
	(698, 'Puerto Colombia', 4),
	(699, 'Puerto Concordia', 21),
	(700, 'Puerto Escondido', 14),
	(701, 'Puerto Gaitán', 21),
	(702, 'Puerto Guzmán', 24),
	(703, 'Puerto Leguízamo', 24),
	(704, 'Puerto Libertador', 14),
	(705, 'Puerto Lleras', 21),
	(706, 'Puerto López', 21),
	(707, 'Puerto Nare', 2),
	(708, 'Puerto Nariño', 1),
	(709, 'Puerto Parra', 28),
	(710, 'Puerto Rico', 9),
	(711, 'Puerto Rico', 21),
	(712, 'Puerto Rondón', 3),
	(713, 'Puerto Salgar', 15),
	(714, 'Puerto Santander', 23),
	(715, 'Puerto Tejada', 11),
	(716, 'Puerto Triunfo', 2),
	(717, 'Puerto Wilches', 28),
	(718, 'Pulí', 15),
	(719, 'Pupiales', 22),
	(720, 'Puracé (Coconuco)', 11),
	(721, 'Purificación', 30),
	(722, 'Purísima', 14),
	(723, 'Pácora', 8),
	(724, 'Páez', 7),
	(725, 'Páez (Belalcazar)', 11),
	(726, 'Páramo', 28),
	(727, 'Quebradanegra', 15),
	(728, 'Quetame', 15),
	(729, 'Quibdó', 13),
	(730, 'Quimbaya', 25),
	(731, 'Quinchía', 26),
	(732, 'Quipama', 7),
	(733, 'Quipile', 15),
	(734, 'Ragonvalia', 23),
	(735, 'Ramiriquí', 7),
	(736, 'Recetor', 10),
	(737, 'Regidor', 6),
	(738, 'Remedios', 2),
	(739, 'Remolino', 20),
	(740, 'Repelón', 4),
	(741, 'Restrepo', 21),
	(742, 'Restrepo', 31),
	(743, 'Retiro', 2),
	(744, 'Ricaurte', 15),
	(745, 'Ricaurte', 22),
	(746, 'Rio Negro', 28),
	(747, 'Rioblanco', 30),
	(748, 'Riofrío', 31),
	(749, 'Riohacha', 19),
	(750, 'Risaralda', 8),
	(751, 'Rivera', 18),
	(752, 'Roberto Payán (San José)', 22),
	(753, 'Roldanillo', 31),
	(754, 'Roncesvalles', 30),
	(755, 'Rondón', 7),
	(756, 'Rosas', 11),
	(757, 'Rovira', 30),
	(758, 'Ráquira', 7),
	(759, 'Río Iró', 13),
	(760, 'Río Quito', 13),
	(761, 'Río Sucio', 8),
	(762, 'Río Viejo', 6),
	(763, 'Río de oro', 12),
	(764, 'Ríonegro', 2),
	(765, 'Ríosucio', 13),
	(766, 'Sabana de Torres', 28),
	(767, 'Sabanagrande', 4),
	(768, 'Sabanalarga', 2),
	(769, 'Sabanalarga', 4),
	(770, 'Sabanalarga', 10),
	(771, 'Sabanas de San Angel (SAN ANGEL)', 20),
	(772, 'Sabaneta', 2),
	(773, 'Saboyá', 7),
	(774, 'Sahagún', 14),
	(775, 'Saladoblanco', 18),
	(776, 'Salamina', 8),
	(777, 'Salamina', 20),
	(778, 'Salazar', 23),
	(779, 'Saldaña', 30),
	(780, 'Salento', 25),
	(781, 'Salgar', 2),
	(782, 'Samacá', 7),
	(783, 'Samaniego', 22),
	(784, 'Samaná', 8),
	(785, 'Sampués', 29),
	(786, 'San Agustín', 18),
	(787, 'San Alberto', 12),
	(788, 'San Andrés', 28),
	(789, 'San Andrés Sotavento', 14),
	(790, 'San Andrés de Cuerquía', 2),
	(791, 'San Antero', 14),
	(792, 'San Antonio', 30),
	(793, 'San Antonio de Tequendama', 15),
	(794, 'San Benito', 28),
	(795, 'San Benito Abad', 29),
	(796, 'San Bernardo', 15),
	(797, 'San Bernardo', 22),
	(798, 'San Bernardo del Viento', 14),
	(799, 'San Calixto', 23),
	(800, 'San Carlos', 2),
	(801, 'San Carlos', 14),
	(802, 'San Carlos de Guaroa', 21),
	(803, 'San Cayetano', 15),
	(804, 'San Cayetano', 23),
	(805, 'San Cristobal', 6),
	(806, 'San Diego', 12),
	(807, 'San Eduardo', 7),
	(808, 'San Estanislao', 6),
	(809, 'San Fernando', 6),
	(810, 'San Francisco', 2),
	(811, 'San Francisco', 15),
	(812, 'San Francisco', 24),
	(813, 'San Gíl', 28),
	(814, 'San Jacinto', 6),
	(815, 'San Jacinto del Cauca', 6),
	(816, 'San Jerónimo', 2),
	(817, 'San Joaquín', 28),
	(818, 'San José', 8),
	(819, 'San José de Miranda', 28),
	(820, 'San José de Montaña', 2),
	(821, 'San José de Pare', 7),
	(822, 'San José de Uré', 14),
	(823, 'San José del Fragua', 9),
	(824, 'San José del Guaviare', 17),
	(825, 'San José del Palmar', 13),
	(826, 'San Juan de Arama', 21),
	(827, 'San Juan de Betulia', 29),
	(828, 'San Juan de Nepomuceno', 6),
	(829, 'San Juan de Pasto', 22),
	(830, 'San Juan de Río Seco', 15),
	(831, 'San Juan de Urabá', 2),
	(832, 'San Juan del Cesar', 19),
	(833, 'San Juanito', 21),
	(834, 'San Lorenzo', 22),
	(835, 'San Luis', 30),
	(836, 'San Luís', 2),
	(837, 'San Luís de Gaceno', 7),
	(838, 'San Luís de Palenque', 10),
	(839, 'San Marcos', 29),
	(840, 'San Martín', 12),
	(841, 'San Martín', 21),
	(842, 'San Martín de Loba', 6),
	(843, 'San Mateo', 7),
	(844, 'San Miguel', 28),
	(845, 'San Miguel', 24),
	(846, 'San Miguel de Sema', 7),
	(847, 'San Onofre', 29),
	(848, 'San Pablo', 6),
	(849, 'San Pablo', 22),
	(850, 'San Pablo de Borbur', 7),
	(851, 'San Pedro', 2),
	(852, 'San Pedro', 29),
	(853, 'San Pedro', 31),
	(854, 'San Pedro de Cartago', 22),
	(855, 'San Pedro de Urabá', 2),
	(856, 'San Pelayo', 14),
	(857, 'San Rafael', 2),
	(858, 'San Roque', 2),
	(859, 'San Sebastián', 11),
	(860, 'San Sebastián de Buenavista', 20),
	(861, 'San Vicente', 2),
	(862, 'San Vicente del Caguán', 9),
	(863, 'San Vicente del Chucurí', 28),
	(864, 'San Zenón', 20),
	(865, 'Sandoná', 22),
	(866, 'Santa Ana', 20),
	(867, 'Santa Bárbara', 2),
	(868, 'Santa Bárbara', 28),
	(869, 'Santa Bárbara (Iscuandé)', 22),
	(870, 'Santa Bárbara de Pinto', 20),
	(871, 'Santa Catalina', 6),
	(872, 'Santa Fé de Antioquia', 2),
	(873, 'Santa Genoveva de Docorodó', 13),
	(874, 'Santa Helena del Opón', 28),
	(875, 'Santa Isabel', 30),
	(876, 'Santa Lucía', 4),
	(877, 'Santa Marta', 20),
	(878, 'Santa María', 7),
	(879, 'Santa María', 18),
	(880, 'Santa Rosa', 6),
	(881, 'Santa Rosa', 11),
	(882, 'Santa Rosa de Cabal', 26),
	(883, 'Santa Rosa de Osos', 2),
	(884, 'Santa Rosa de Viterbo', 7),
	(885, 'Santa Rosa del Sur', 6),
	(886, 'Santa Rosalía', 33),
	(887, 'Santa Sofía', 7),
	(888, 'Santana', 7),
	(889, 'Santander de Quilichao', 11),
	(890, 'Santiago', 23),
	(891, 'Santiago', 24),
	(892, 'Santo Domingo', 2),
	(893, 'Santo Tomás', 4),
	(894, 'Santuario', 2),
	(895, 'Santuario', 26),
	(896, 'Sapuyes', 22),
	(897, 'Saravena', 3),
	(898, 'Sardinata', 23),
	(899, 'Sasaima', 15),
	(900, 'Sativanorte', 7),
	(901, 'Sativasur', 7),
	(902, 'Segovia', 2),
	(903, 'Sesquilé', 15),
	(904, 'Sevilla', 31),
	(905, 'Siachoque', 7),
	(906, 'Sibaté', 15),
	(907, 'Sibundoy', 24),
	(908, 'Silos', 23),
	(909, 'Silvania', 15),
	(910, 'Silvia', 11),
	(911, 'Simacota', 28),
	(912, 'Simijaca', 15),
	(913, 'Simití', 6),
	(914, 'Sincelejo', 29),
	(915, 'Sincé', 29),
	(916, 'Sipí', 13),
	(917, 'Sitionuevo', 20),
	(918, 'Soacha', 15),
	(919, 'Soatá', 7),
	(920, 'Socha', 7),
	(921, 'Socorro', 28),
	(922, 'Socotá', 7),
	(923, 'Sogamoso', 7),
	(924, 'Solano', 9),
	(925, 'Soledad', 4),
	(926, 'Solita', 9),
	(927, 'Somondoco', 7),
	(928, 'Sonsón', 2),
	(929, 'Sopetrán', 2),
	(930, 'Soplaviento', 6),
	(931, 'Sopó', 15),
	(932, 'Sora', 7),
	(933, 'Soracá', 7),
	(934, 'Sotaquirá', 7),
	(935, 'Sotara (Paispamba)', 11),
	(936, 'Sotomayor (Los Andes)', 22),
	(937, 'Suaita', 28),
	(938, 'Suan', 4),
	(939, 'Suaza', 18),
	(940, 'Subachoque', 15),
	(941, 'Sucre', 11),
	(942, 'Sucre', 28),
	(943, 'Sucre', 29),
	(944, 'Suesca', 15),
	(945, 'Supatá', 15),
	(946, 'Supía', 8),
	(947, 'Suratá', 28),
	(948, 'Susa', 15),
	(949, 'Susacón', 7),
	(950, 'Sutamarchán', 7),
	(951, 'Sutatausa', 15),
	(952, 'Sutatenza', 7),
	(953, 'Suárez', 11),
	(954, 'Suárez', 30),
	(955, 'Sácama', 10),
	(956, 'Sáchica', 7),
	(957, 'Tabio', 15),
	(958, 'Tadó', 13),
	(959, 'Talaigua Nuevo', 6),
	(960, 'Tamalameque', 12),
	(961, 'Tame', 3),
	(962, 'Taminango', 22),
	(963, 'Tangua', 22),
	(964, 'Taraira', 32),
	(965, 'Tarazá', 2),
	(966, 'Tarqui', 18),
	(967, 'Tarso', 2),
	(968, 'Tasco', 7),
	(969, 'Tauramena', 10),
	(970, 'Tausa', 15),
	(971, 'Tello', 18),
	(972, 'Tena', 15),
	(973, 'Tenerife', 20),
	(974, 'Tenjo', 15),
	(975, 'Tenza', 7),
	(976, 'Teorama', 23),
	(977, 'Teruel', 18),
	(978, 'Tesalia', 18),
	(979, 'Tibacuy', 15),
	(980, 'Tibaná', 7),
	(981, 'Tibasosa', 7),
	(982, 'Tibirita', 15),
	(983, 'Tibú', 23),
	(984, 'Tierralta', 14),
	(985, 'Timaná', 18),
	(986, 'Timbiquí', 11),
	(987, 'Timbío', 11),
	(988, 'Tinjacá', 7),
	(989, 'Tipacoque', 7),
	(990, 'Tiquisio (Puerto Rico)', 6),
	(991, 'Titiribí', 2),
	(992, 'Toca', 7),
	(993, 'Tocaima', 15),
	(994, 'Tocancipá', 15),
	(995, 'Toguí', 7),
	(996, 'Toledo', 2),
	(997, 'Toledo', 23),
	(998, 'Tolú', 29),
	(999, 'Tolú Viejo', 29),
	(1000, 'Tona', 28),
	(1001, 'Topagá', 7),
	(1002, 'Topaipí', 15),
	(1003, 'Toribío', 11),
	(1004, 'Toro', 31),
	(1005, 'Tota', 7),
	(1006, 'Totoró', 11),
	(1007, 'Trinidad', 10),
	(1008, 'Trujillo', 31),
	(1009, 'Tubará', 4),
	(1010, 'Tuchín', 14),
	(1011, 'Tulúa', 31),
	(1012, 'Tumaco', 22),
	(1013, 'Tunja', 7),
	(1014, 'Tunungua', 7),
	(1015, 'Turbaco', 6),
	(1016, 'Turbaná', 6),
	(1017, 'Turbo', 2),
	(1018, 'Turmequé', 7),
	(1019, 'Tuta', 7),
	(1020, 'Tutasá', 7),
	(1021, 'Támara', 10),
	(1022, 'Támesis', 2),
	(1023, 'Túquerres', 22),
	(1024, 'Ubalá', 15),
	(1025, 'Ubaque', 15),
	(1026, 'Ubaté', 15),
	(1027, 'Ulloa', 31),
	(1028, 'Une', 15),
	(1029, 'Unguía', 13),
	(1030, 'Unión Panamericana (ÁNIMAS)', 13),
	(1031, 'Uramita', 2),
	(1032, 'Uribe', 21),
	(1033, 'Uribia', 19),
	(1034, 'Urrao', 2),
	(1035, 'Urumita', 19),
	(1036, 'Usiacuri', 4),
	(1037, 'Valdivia', 2),
	(1038, 'Valencia', 14),
	(1039, 'Valle de San José', 28),
	(1040, 'Valle de San Juan', 30),
	(1041, 'Valle del Guamuez', 24),
	(1042, 'Valledupar', 12),
	(1043, 'Valparaiso', 2),
	(1044, 'Valparaiso', 9),
	(1045, 'Vegachí', 2),
	(1046, 'Venadillo', 30),
	(1047, 'Venecia', 2),
	(1048, 'Venecia (Ospina Pérez)', 15),
	(1049, 'Ventaquemada', 7),
	(1050, 'Vergara', 15),
	(1051, 'Versalles', 31),
	(1052, 'Vetas', 28),
	(1053, 'Viani', 15),
	(1054, 'Vigía del Fuerte', 2),
	(1055, 'Vijes', 31),
	(1056, 'Villa Caro', 23),
	(1057, 'Villa Rica', 11),
	(1058, 'Villa de Leiva', 7),
	(1059, 'Villa del Rosario', 23),
	(1060, 'Villagarzón', 24),
	(1061, 'Villagómez', 15),
	(1062, 'Villahermosa', 30),
	(1063, 'Villamaría', 8),
	(1064, 'Villanueva', 6),
	(1065, 'Villanueva', 19),
	(1066, 'Villanueva', 28),
	(1067, 'Villanueva', 10),
	(1068, 'Villapinzón', 15),
	(1069, 'Villarrica', 30),
	(1070, 'Villavicencio', 21),
	(1071, 'Villavieja', 18),
	(1072, 'Villeta', 15),
	(1073, 'Viotá', 15),
	(1074, 'Viracachá', 7),
	(1075, 'Vista Hermosa', 21),
	(1076, 'Viterbo', 8),
	(1077, 'Vélez', 28),
	(1078, 'Yacopí', 15),
	(1079, 'Yacuanquer', 22),
	(1080, 'Yaguará', 18),
	(1081, 'Yalí', 2),
	(1082, 'Yarumal', 2),
	(1083, 'Yolombó', 2),
	(1084, 'Yondó (Casabe)', 2),
	(1085, 'Yopal', 10),
	(1086, 'Yotoco', 31),
	(1087, 'Yumbo', 31),
	(1088, 'Zambrano', 6),
	(1089, 'Zapatoca', 28),
	(1090, 'Zapayán (PUNTA DE PIEDRAS)', 20),
	(1091, 'Zaragoza', 2),
	(1092, 'Zarzal', 31),
	(1093, 'Zetaquirá', 7),
	(1094, 'Zipacón', 15),
	(1095, 'Zipaquirá', 15),
	(1096, 'Zona Bananera (PRADO - SEVILLA)', 20),
	(1097, 'Ábrego', 23),
	(1098, 'Íquira', 18),
	(1099, 'Úmbita', 7),
	(1100, 'Útica', 15);
/*!40000 ALTER TABLE `geo_citys` ENABLE KEYS */;

-- Volcando estructura para tabla admin_mv_pro.geo_departments
CREATE TABLE IF NOT EXISTS `geo_departments` (
  `id` int(11) NOT NULL AUTO_INCREMENT,
  `name` varchar(255) NOT NULL,
  `code` varchar(50) DEFAULT NULL,
  PRIMARY KEY (`id`),
  UNIQUE KEY `code` (`code`),
  KEY `id` (`id`)
) ENGINE=InnoDB AUTO_INCREMENT=34 DEFAULT CHARSET=utf8mb4 ROW_FORMAT=DYNAMIC;

-- Volcando datos para la tabla admin_mv_pro.geo_departments: ~33 rows (aproximadamente)
/*!40000 ALTER TABLE `geo_departments` DISABLE KEYS */;
INSERT IGNORE INTO `geo_departments` (`id`, `name`, `code`) VALUES
	(1, 'AMAZONAS', '29'),
	(2, 'ANTIOQUIA', '1'),
	(3, 'ARAUCA', '25'),
	(4, 'ATLÁNTICO', '2'),
	(5, 'BOGOTÁ, D.C.', '3'),
	(6, 'BOLÍVAR', '4'),
	(7, 'BOYACÁ', '5'),
	(8, 'CALDAS', '6'),
	(9, 'CAQUETÁ', '7'),
	(10, 'CASANARE', '26'),
	(11, 'CAUCA', '8'),
	(12, 'CESAR', '9'),
	(13, 'CHOCÓ', '12'),
	(14, 'CÓRDOBA', '10'),
	(15, 'CUNDINAMARCA', '11'),
	(16, 'GUAINÍA', '30'),
	(17, 'GUAVIARE', '31'),
	(18, 'HUILA', '13'),
	(19, 'LA GUAJIRA', '14'),
	(20, 'MAGDALENA', '15'),
	(21, 'META', '16'),
	(22, 'NARIÑO', '17'),
	(23, 'NORTE DE SANTANDER', '18'),
	(24, 'PUTUMAYO', '27'),
	(25, 'QUINDIO', '19'),
	(26, 'RISARALDA', '20'),
	(27, 'SAN ANDRÉS Y  PROVIDENCIA', '28'),
	(28, 'SANTANDER', '21'),
	(29, 'SUCRE', '22'),
	(30, 'TOLIMA', '23'),
	(31, 'VALLE DEL CAUCA', '24'),
	(32, 'VAUPÉS', '32'),
	(33, 'VICHADA', '33');
/*!40000 ALTER TABLE `geo_departments` ENABLE KEYS */;

-- Volcando estructura para tabla admin_mv_pro.identifications_types
CREATE TABLE IF NOT EXISTS `identifications_types` (
  `id` int(11) NOT NULL AUTO_INCREMENT,
  `name` varchar(250) NOT NULL,
  `code` varchar(50) DEFAULT NULL,
  PRIMARY KEY (`id`),
  UNIQUE KEY `name` (`name`),
  KEY `id` (`id`)
) ENGINE=InnoDB AUTO_INCREMENT=12 DEFAULT CHARSET=utf8mb4 ROW_FORMAT=DYNAMIC;

-- Volcando datos para la tabla admin_mv_pro.identifications_types: ~11 rows (aproximadamente)
/*!40000 ALTER TABLE `identifications_types` DISABLE KEYS */;
INSERT IGNORE INTO `identifications_types` (`id`, `name`, `code`) VALUES
	(1, 'Cédula de Ciudadanía', 'CC'),
	(2, 'Número de Identificación Tributaria', 'NIT'),
	(3, 'Tarjeta Pasaporte', 'TP'),
	(4, 'Tarjeta de Identidad', 'TI'),
	(5, 'Cédula de Identidad', 'CI'),
	(6, 'Registro Civil', 'RC'),
	(7, 'Cédula de Extranjería', 'CE'),
	(8, 'Carné de Identidad', 'CI'),
	(9, 'Documento Nacional de Identidad', 'DNI'),
	(10, 'Documento Único de Identidad', 'DUI'),
	(11, 'Identificación Oficial', 'ID');
/*!40000 ALTER TABLE `identifications_types` ENABLE KEYS */;

-- Volcando estructura para tabla admin_mv_pro.media
CREATE TABLE IF NOT EXISTS `media` (
  `id` int(11) NOT NULL AUTO_INCREMENT,
  `name` varchar(150) NOT NULL,
  `type` varchar(50) NOT NULL,
  `size` varchar(50) NOT NULL,
  `path_full` text NOT NULL,
  `path_short` varchar(250) NOT NULL,
  `create_by` int(11) DEFAULT NULL,
  `created` datetime DEFAULT CURRENT_TIMESTAMP,
  `updated` datetime DEFAULT CURRENT_TIMESTAMP ON UPDATE CURRENT_TIMESTAMP,
  PRIMARY KEY (`id`),
  KEY `id` (`id`),
  KEY `FK_media_users` (`create_by`),
  CONSTRAINT `FK_media_users` FOREIGN KEY (`create_by`) REFERENCES `users` (`id`) ON DELETE SET NULL ON UPDATE CASCADE
) ENGINE=InnoDB DEFAULT CHARSET=utf8mb4;

-- Volcando datos para la tabla admin_mv_pro.media: ~0 rows (aproximadamente)
/*!40000 ALTER TABLE `media` DISABLE KEYS */;
/*!40000 ALTER TABLE `media` ENABLE KEYS */;

-- Volcando estructura para tabla admin_mv_pro.media_events
CREATE TABLE IF NOT EXISTS `media_events` (
  `id` int(11) NOT NULL AUTO_INCREMENT,
  `media` int(11) NOT NULL,
  `event` int(11) NOT NULL,
  PRIMARY KEY (`id`),
  KEY `id` (`id`),
  KEY `FK_media_users_media` (`media`),
  KEY `FK_media_users_users` (`event`),
  CONSTRAINT `FK_media_events_events` FOREIGN KEY (`event`) REFERENCES `events` (`id`) ON DELETE CASCADE ON UPDATE CASCADE,
  CONSTRAINT `FK_media_events_media` FOREIGN KEY (`media`) REFERENCES `media` (`id`) ON DELETE CASCADE ON UPDATE CASCADE
) ENGINE=InnoDB AUTO_INCREMENT=8 DEFAULT CHARSET=utf8mb4 ROW_FORMAT=DYNAMIC;

-- Volcando datos para la tabla admin_mv_pro.media_events: ~0 rows (aproximadamente)
/*!40000 ALTER TABLE `media_events` DISABLE KEYS */;
/*!40000 ALTER TABLE `media_events` ENABLE KEYS */;

-- Volcando estructura para tabla admin_mv_pro.media_users
CREATE TABLE IF NOT EXISTS `media_users` (
  `id` int(11) NOT NULL AUTO_INCREMENT,
  `media` int(11) NOT NULL,
  `user` int(11) NOT NULL,
  PRIMARY KEY (`id`),
  KEY `id` (`id`),
  KEY `FK_media_users_media` (`media`),
  KEY `FK_media_users_users` (`user`),
  CONSTRAINT `FK_media_users_media` FOREIGN KEY (`media`) REFERENCES `media` (`id`) ON DELETE CASCADE ON UPDATE CASCADE,
  CONSTRAINT `FK_media_users_users` FOREIGN KEY (`user`) REFERENCES `users` (`id`) ON DELETE CASCADE ON UPDATE CASCADE
) ENGINE=InnoDB DEFAULT CHARSET=utf8mb4;

-- Volcando datos para la tabla admin_mv_pro.media_users: ~0 rows (aproximadamente)
/*!40000 ALTER TABLE `media_users` DISABLE KEYS */;
/*!40000 ALTER TABLE `media_users` ENABLE KEYS */;

-- Volcando estructura para tabla admin_mv_pro.menus
CREATE TABLE IF NOT EXISTS `menus` (
  `id` int(11) NOT NULL AUTO_INCREMENT,
  `name` varchar(150) NOT NULL,
  `slug` varchar(50) NOT NULL,
  PRIMARY KEY (`id`),
  UNIQUE KEY `slug` (`slug`),
  KEY `id` (`id`)
) ENGINE=InnoDB AUTO_INCREMENT=6 DEFAULT CHARSET=utf8mb4;

-- Volcando datos para la tabla admin_mv_pro.menus: ~5 rows (aproximadamente)
/*!40000 ALTER TABLE `menus` DISABLE KEYS */;
INSERT IGNORE INTO `menus` (`id`, `name`, `slug`) VALUES
	(1, 'Menu Lateral', 'sidebar'),
	(2, 'Menu Superior', 'top'),
	(3, 'Menu Clientes', 'sidebar_users'),
	(4, 'Menu SAC', 'sidebar_sac'),
	(5, 'Menu Cuentas', 'sidebar_accounts');
/*!40000 ALTER TABLE `menus` ENABLE KEYS */;

-- Volcando estructura para tabla admin_mv_pro.menus_items
CREATE TABLE IF NOT EXISTS `menus_items` (
  `id` int(11) NOT NULL AUTO_INCREMENT,
  `menu` int(11) NOT NULL,
  `title` varchar(150) DEFAULT '',
  `parent` int(11) DEFAULT '0',
  `tag_id` varchar(150) DEFAULT NULL,
  `tag_class` varchar(50) DEFAULT '',
  `tag_href` varchar(250) DEFAULT '#',
  `icon` varchar(50) DEFAULT '',
  `public` int(1) DEFAULT '0',
  `alls` int(1) DEFAULT '0',
  `guest` int(1) DEFAULT '0',
  `permision_controller` varchar(50) DEFAULT 'Usuarios',
  `permission_action` varchar(50) DEFAULT 'index',
  PRIMARY KEY (`id`),
  KEY `id` (`id`),
  KEY `FK_nodes_items_menus` (`menu`),
  CONSTRAINT `menus_items_ibfk_1` FOREIGN KEY (`menu`) REFERENCES `menus` (`id`) ON DELETE CASCADE ON UPDATE CASCADE
) ENGINE=InnoDB AUTO_INCREMENT=10043 DEFAULT CHARSET=utf8mb4 ROW_FORMAT=DYNAMIC;

-- Volcando datos para la tabla admin_mv_pro.menus_items: ~27 rows (aproximadamente)
/*!40000 ALTER TABLE `menus_items` DISABLE KEYS */;
INSERT IGNORE INTO `menus_items` (`id`, `menu`, `title`, `parent`, `tag_id`, `tag_class`, `tag_href`, `icon`, `public`, `alls`, `guest`, `permision_controller`, `permission_action`) VALUES
	(2, 1, 'Landing Page Ejemplo', 0, '', '', '/index2.html', 'fa fa-inbox', 0, 0, 0, 'Sistema', 'admin'),
	(70, 1, '¿Que es PQRSF?', 40, '', '', '/index.php?controller=SAC&action=pqrsf', 'fa fa-question', 1, 0, 1, 'PQRSF', 'index'),
	(90, 1, 'Enviar PQRSF', 40, '', '', '/index.php?controller=SAC&action=pqrsf_new', 'fa fa-question', 1, 0, 1, 'PQRSF', 'index'),
	(110, 1, 'PQRSF - NO', 40, '', '', '#', 'fa fa-question', 1, 0, 1, 'Usuarios', 'index'),
	(2000, 5, 'Todas las cuentas', 0, NULL, '', '/accounts/alls/', 'fa fa-briefcase', 0, 0, 0, 'Accounts', 'all'),
	(2007, 5, 'Crear Cuenta', 0, NULL, '', '#', '', 0, 0, 0, 'Accounts', 'create'),
	(2008, 5, 'Buscar Cuenta', 0, NULL, '', '#', '', 0, 0, 0, 'Accounts', 'search'),
	(2009, 5, 'X Usuario', 2008, NULL, '', '#', '', 0, 0, 0, 'Accounts', 'search'),
	(5000, 4, 'Mensajes SAC', 0, NULL, '', '/SAC/inbox/', 'fa fa-inbox', 0, 0, 0, 'SAC', 'inbox'),
	(5001, 4, 'Solicitudes', 0, NULL, '', '#', 'fa fa-info-circle', 0, 0, 0, 'SAC', 'requests'),
	(5010, 4, 'Todas', 5001, NULL, '', '/SAC/requests_new/', 'fa fa-info-circle', 0, 0, 0, 'SAC', 'requests_new'),
	(5020, 4, 'Sin gestion', 5001, NULL, '', '/SAC/requests_new/#/filter/status/0,1', 'fa fa-suitcase', 0, 0, 0, 'SAC', 'requests_new'),
	(5030, 4, 'En Visita', 5001, NULL, '', '/SAC/requests_new/#/filter/status/2', 'fa fa-map-marker', 0, 0, 0, 'SAC', 'requests_technicals'),
	(5050, 4, 'Mi Correo', 0, NULL, '', '/bussines/mail/', 'fa fa-envelope-o', 0, 0, 0, 'Bussines', 'inbox'),
	(5100, 4, 'Crear Solicitud', 0, NULL, '', '#', 'fa fa-plus', 0, 0, 0, 'SAC', 'requests'),
	(5110, 4, 'Solicitud + Usuario', 5100, NULL, '', '/accounts/create', 'fa fa-plus', 0, 0, 0, 'SAC', 'create_accounts'),
	(5120, 4, 'Solicitud para Usuario', 5100, NULL, '', '/accounts/users/create', 'fa fa-plus', 0, 0, 0, 'SAC', 'create_accounts'),
	(5200, 4, 'Galeria de medios', 0, '', '', '#', 'fa fa-files-o', 0, 0, 0, 'Sistema', 'files'),
	(5210, 4, 'Gestor de Archivos', 5200, '', '', '/?controller=Media&action=index', 'fa fa-files-o', 0, 0, 0, 'Sistema', 'files'),
	(5220, 4, 'Subir Archivos', 5200, '', '', '/?controller=Media&action=up_file', 'fa fa-upload', 0, 0, 0, 'Sistema', 'files'),
	(10000, 3, 'DashBoard', 0, '', '', '/micuenta/dashboard', 'fa fa-pie-chart', 0, 0, 0, 'Usuarios', 'index'),
	(10010, 3, 'Enviar Mensaje', 0, 'compose', '', '#', 'fa fa-send', 0, 0, 0, 'Usuarios', 'compose'),
	(10020, 3, 'Solicitar Servicio(s)', 0, '', '', '/micuenta/request', 'fa fa-leaf', 0, 0, 0, 'Usuarios', 'create_request'),
	(10030, 3, 'Mis Mensajes', 0, '', '', '/micuenta/inbox/', 'fa fa-inbox', 0, 0, 0, 'Usuarios', 'inbox'),
	(10040, 3, 'Mis Solicitudes', 0, '', '', '/micuenta/requests', 'fa fa-gavel', 0, 0, 0, 'Usuarios', 'my_requests'),
	(10041, 3, 'Mi Calendario', 0, '', '', '/micuenta/calendar', 'fa fa-calendar', 0, 0, 0, 'Usuarios', 'calendar'),
	(10042, 3, 'Mis Cuentas', 0, '', '', '/micuenta/accounts/', 'fa fa-pie-chart', 0, 0, 0, 'Usuarios', 'my_accounts');
/*!40000 ALTER TABLE `menus_items` ENABLE KEYS */;

-- Volcando estructura para tabla admin_mv_pro.permissions
CREATE TABLE IF NOT EXISTS `permissions` (
  `id` int(11) NOT NULL AUTO_INCREMENT,
  `name` varchar(50) NOT NULL,
  `data` json NOT NULL,
  PRIMARY KEY (`id`),
  KEY `id` (`id`)
) ENGINE=InnoDB AUTO_INCREMENT=4 DEFAULT CHARSET=utf8mb4 ROW_FORMAT=DYNAMIC;

-- Volcando datos para la tabla admin_mv_pro.permissions: ~3 rows (aproximadamente)
/*!40000 ALTER TABLE `permissions` DISABLE KEYS */;
INSERT IGNORE INTO `permissions` (`id`, `name`, `data`) VALUES
	(1, 'Ninguno', '{}'),
	(2, 'Super usuario', '{"isAdmin": true}'),
	(3, 'SAC', '{"my": {"calendar": true}, "accounts": {"admin": {"table": true}}, "calendar": {"menu": {"sidebar": true}, "admin": {"table": true, "types": true, "master": true}}}');
/*!40000 ALTER TABLE `permissions` ENABLE KEYS */;

-- Volcando estructura para tabla admin_mv_pro.users
CREATE TABLE IF NOT EXISTS `users` (
  `id` int(11) NOT NULL AUTO_INCREMENT,
  `username` varchar(50) NOT NULL,
  `password` longtext NOT NULL,
  `identification_type` int(11) DEFAULT NULL,
  `identification_number` varchar(50) DEFAULT NULL,
  `names` varchar(50) DEFAULT NULL,
  `surname` varchar(50) DEFAULT NULL,
  `phone` varchar(50) DEFAULT NULL,
  `mobile` varchar(50) DEFAULT NULL,
  `address` varchar(50) DEFAULT NULL,
  `department` int(11) DEFAULT NULL,
  `city` int(11) DEFAULT NULL,
  `email` varchar(150) NOT NULL,
  `permissions` int(11) DEFAULT '4',
  `avatar` int(11) DEFAULT NULL,
  `registered` datetime DEFAULT CURRENT_TIMESTAMP,
  `updated` datetime DEFAULT CURRENT_TIMESTAMP ON UPDATE CURRENT_TIMESTAMP,
  `last_connection` datetime DEFAULT CURRENT_TIMESTAMP ON UPDATE CURRENT_TIMESTAMP,
  PRIMARY KEY (`id`),
  UNIQUE KEY `UNIQUE_username` (`username`),
  UNIQUE KEY `email` (`email`),
  KEY `id` (`id`),
  KEY `FK_username` (`username`),
  KEY `FK_users_login_permissions` (`permissions`),
  KEY `email_key` (`email`),
  KEY `FK_users_pictures` (`avatar`),
  KEY `FK_users_identifications_types` (`identification_type`),
  KEY `FK_users_geo_departments` (`department`),
  KEY `FK_users_geo_citys` (`city`),
  CONSTRAINT `FK_users_geo_citys` FOREIGN KEY (`city`) REFERENCES `geo_citys` (`id`) ON DELETE SET NULL ON UPDATE CASCADE,
  CONSTRAINT `FK_users_geo_departments` FOREIGN KEY (`department`) REFERENCES `geo_departments` (`id`) ON DELETE SET NULL ON UPDATE CASCADE,
  CONSTRAINT `FK_users_identifications_types` FOREIGN KEY (`identification_type`) REFERENCES `identifications_types` (`id`) ON DELETE SET NULL ON UPDATE CASCADE,
  CONSTRAINT `FK_users_login_permissions` FOREIGN KEY (`permissions`) REFERENCES `permissions` (`id`) ON DELETE SET NULL ON UPDATE CASCADE,
  CONSTRAINT `FK_users_pictures` FOREIGN KEY (`avatar`) REFERENCES `media` (`id`) ON DELETE SET NULL ON UPDATE CASCADE
) ENGINE=InnoDB AUTO_INCREMENT=2 DEFAULT CHARSET=utf8mb4 ROW_FORMAT=DYNAMIC;

-- Volcando datos para la tabla admin_mv_pro.users: ~1 rows (aproximadamente)
/*!40000 ALTER TABLE `users` DISABLE KEYS */;
INSERT IGNORE INTO `users` (`id`, `username`, `password`, `identification_type`, `identification_number`, `names`, `surname`, `phone`, `mobile`, `address`, `department`, `city`, `email`, `permissions`, `avatar`, `registered`, `updated`, `last_connection`) VALUES
	(1, 'admin', '$2y$10$bl1z37gl/EPFZgOEORYw4.TyR4j4DH/TdVXHU1.5ckIbtX93B3qgS', 1, '1035', 'Administrador', 'Prin', '1035429360', '3005473082', NULL, NULL, NULL, 'webmaster@monteverdeltda.com', 2, NULL, '2019-07-22 12:36:54', '2019-09-23 10:41:47', '2019-09-23 10:41:47');
/*!40000 ALTER TABLE `users` ENABLE KEYS */;

-- Volcando estructura para tabla admin_mv_pro.users_events
CREATE TABLE IF NOT EXISTS `users_events` (
  `id` int(11) NOT NULL AUTO_INCREMENT,
  `user` int(11) NOT NULL,
  `event` int(11) NOT NULL,
  PRIMARY KEY (`id`),
  KEY `id` (`id`),
  KEY `FK_users_events_users` (`user`),
  KEY `FK_users_events_events` (`event`),
  CONSTRAINT `FK_users_events_events` FOREIGN KEY (`event`) REFERENCES `events` (`id`) ON DELETE CASCADE ON UPDATE CASCADE,
  CONSTRAINT `FK_users_events_users` FOREIGN KEY (`user`) REFERENCES `users` (`id`) ON DELETE CASCADE ON UPDATE CASCADE
) ENGINE=InnoDB DEFAULT CHARSET=utf8mb4;

-- Volcando datos para la tabla admin_mv_pro.users_events: ~0 rows (aproximadamente)
/*!40000 ALTER TABLE `users_events` DISABLE KEYS */;
/*!40000 ALTER TABLE `users_events` ENABLE KEYS */;

/*!40101 SET SQL_MODE=IFNULL(@OLD_SQL_MODE, '') */;
/*!40014 SET FOREIGN_KEY_CHECKS=IF(@OLD_FOREIGN_KEY_CHECKS IS NULL, 1, @OLD_FOREIGN_KEY_CHECKS) */;
/*!40101 SET CHARACTER_SET_CLIENT=@OLD_CHARACTER_SET_CLIENT */;
